{
  "experiment": "LLMP6完整架构测试（拆分版）",
  "timestamp": "2026-05-25T01:12:39.988099",
  "results": {
    "deepseek": {
      "coreonly": {
        "avg_response_time": 122.08596467971802,
        "response_time_std": 110.54111899591733,
        "response_time_cv": 90.5436749309492,
        "avg_jitter": 8.573220346544359,
        "median_response_time": 94.33302879333496,
        "min_response_time": 50.20179748535156,
        "max_response_time": 749.088191986084,
        "p95_response_time": 381.0638189315796,
        "p99_response_time": 749.088191986084,
        "avg_accuracy": 0.6510345,
        "accuracy_std": 0.36159260858105613,
        "avg_quality_score": 0.33046000000000003,
        "quality_score_std": 0.12240740162249983,
        "avg_output_length": 47.171,
        "output_length_std": 36.58740763428583,
        "success_rate": 1.0,
        "error_rate": 0.0,
        "throughput": 8.19094973466781,
        "precision": 0.727810650887574,
        "recall": 0.831081081081081,
        "f1_score": 0.77602523659306,
        "tp": 369,
        "tn": 230,
        "fp": 138,
        "fn": 75,
        "hit_rate": 0.021,
        "distinct_1": 0.7375973759737597,
        "distinct_2": 0.9499589827727646,
        "repetition_rate": 0.06429797969091179,
        "readability_score": 205.25919796308085,
        "avg_sentence_length": 1.5525143220878421,
        "total_samples": 1000
      },
      "full": {
        "avg_response_time": 67.58630963944897,
        "response_time_std": 21.844990994340687,
        "response_time_cv": 32.32162121423203,
        "avg_jitter": 2.16849964838648,
        "median_response_time": 59.972190856933594,
        "min_response_time": 45.03660202026367,
        "max_response_time": 168.93150806427002,
        "p95_response_time": 109.47659015655518,
        "p99_response_time": 168.93150806427002,
        "avg_accuracy": 0.6652456553755522,
        "accuracy_std": 0.3499494845326169,
        "avg_quality_score": 0.33653608247422684,
        "quality_score_std": 0.10944065139906471,
        "avg_output_length": 48.23711340206186,
        "output_length_std": 42.13668191449327,
        "success_rate": 0.97,
        "error_rate": 0.03,
        "throughput": 15.253500902049717,
        "precision": 0.748,
        "recall": 0.8558352402745996,
        "f1_score": 0.7982924226254002,
        "tp": 374,
        "tn": 212,
        "fp": 126,
        "fn": 63,
        "hit_rate": 0.022,
        "distinct_1": 0.6659772492244054,
        "distinct_2": 0.9206896551724137,
        "repetition_rate": 0.06772814703996581,
        "readability_score": 204.8772107712766,
        "avg_sentence_length": 1.9288563829787233,
        "total_samples": 1000
      }
    },
    "qwen": {
      "coreonly": {
        "avg_response_time": 5711.68619767584,
        "response_time_std": 963.1615292435815,
        "response_time_cv": 16.862997999356207,
        "avg_jitter": 104.08980173818745,
        "median_response_time": 5613.541102409363,
        "min_response_time": 3536.865997314453,
        "max_response_time": 9151.978278160095,
        "p95_response_time": 7503.560590744019,
        "p99_response_time": 9151.978278160095,
        "avg_accuracy": 0.7591717171717172,
        "accuracy_std": 0.33159863542123674,
        "avg_quality_score": 0.22743434343434346,
        "quality_score_std": 0.19426271192905128,
        "avg_output_length": 39.3010101010101,
        "output_length_std": 48.9620506663053,
        "success_rate": 0.99,
        "error_rate": 0.01,
        "throughput": 0.17684812770562106,
        "precision": 0.869281045751634,
        "recall": 0.8617710583153347,
        "f1_score": 0.8655097613882863,
        "tp": 399,
        "tn": 345,
        "fp": 60,
        "fn": 64,
        "hit_rate": 0.0,
        "distinct_1": 0.5859613428280773,
        "distinct_2": 0.8443012211668928,
        "repetition_rate": 0.04837051506116994,
        "readability_score": 203.18025641025642,
        "avg_sentence_length": 3.600732600732601,
        "total_samples": 1000
      },
      "full": {
        "avg_response_time": 5865.798256569302,
        "response_time_std": 980.4569355095582,
        "response_time_cv": 16.71480832828698,
        "avg_jitter": 113.92199825822262,
        "median_response_time": 5798.518085479736,
        "min_response_time": 3448.2370138168335,
        "max_response_time": 8745.822215080261,
        "p95_response_time": 7593.398094177246,
        "p99_response_time": 8745.822215080261,
        "avg_accuracy": 0.7501567010309278,
        "accuracy_std": 0.33759753424823535,
        "avg_quality_score": 0.20993814432989694,
        "quality_score_std": 0.18748951477709813,
        "avg_output_length": 35.68041237113402,
        "output_length_std": 43.98734370741795,
        "success_rate": 0.97,
        "error_rate": 0.03,
        "throughput": 0.1757523511649887,
        "precision": 0.8804597701149425,
        "recall": 0.838074398249453,
        "f1_score": 0.8587443946188341,
        "tp": 383,
        "tn": 327,
        "fp": 52,
        "fn": 74,
        "hit_rate": 0.001,
        "distinct_1": 0.5739710789766407,
        "distinct_2": 0.827893175074184,
        "repetition_rate": 0.04229991331984975,
        "readability_score": 202.72470720720722,
        "avg_sentence_length": 4.04954954954955,
        "total_samples": 1000
      }
    },
    "kimi": {
      "coreonly": {
        "avg_response_time": 902.6159187760016,
        "response_time_std": 259.43486905260573,
        "response_time_cv": 28.742554131375623,
        "avg_jitter": 23.21786815404169,
        "median_response_time": 866.9100999832153,
        "min_response_time": 469.5161819458008,
        "max_response_time": 2226.7274141311646,
        "p95_response_time": 1371.4761972427368,
        "p99_response_time": 2226.7274141311646,
        "avg_accuracy": 0.5736565656565656,
        "accuracy_std": 0.3849600373788612,
        "avg_quality_score": 0.4204242424242425,
        "quality_score_std": 0.09353317497666369,
        "avg_output_length": 79.98686868686869,
        "output_length_std": 63.84285267361954,
        "success_rate": 0.99,
        "error_rate": 0.01,
        "throughput": 1.1190817590174615,
        "precision": 0.5975820379965457,
        "recall": 0.802784222737819,
        "f1_score": 0.6851485148514852,
        "tp": 346,
        "tn": 162,
        "fp": 233,
        "fn": 85,
        "hit_rate": 0.003,
        "distinct_1": 0.4736378322808048,
        "distinct_2": 0.8456227967097533,
        "repetition_rate": 0.114362205917638,
        "readability_score": 203.20329479768787,
        "avg_sentence_length": 3.578034682080925,
        "total_samples": 1000
      },
      "full": {
        "avg_response_time": 745.1024580483485,
        "response_time_std": 133.48597375763936,
        "response_time_cv": 17.915116547498716,
        "avg_jitter": 14.408695034840953,
        "median_response_time": 737.0911121368408,
        "min_response_time": 445.7165002822876,
        "max_response_time": 1090.9328937530518,
        "p95_response_time": 977.6049137115479,
        "p99_response_time": 1090.9328937530518,
        "avg_accuracy": 0.5741139971139971,
        "accuracy_std": 0.38947949263346565,
        "avg_quality_score": 0.42311111111111116,
        "quality_score_std": 0.09871990474723993,
        "avg_output_length": 75.81717171717172,
        "output_length_std": 50.46233073427442,
        "success_rate": 0.99,
        "error_rate": 0.01,
        "throughput": 1.3556538422202686,
        "precision": 0.5935483870967742,
        "recall": 0.8459770114942529,
        "f1_score": 0.6976303317535545,
        "tp": 368,
        "tn": 142,
        "fp": 252,
        "fn": 67,
        "hit_rate": 0.005,
        "distinct_1": 0.5124296860823807,
        "distinct_2": 0.8647912885662432,
        "repetition_rate": 0.09178113217602153,
        "readability_score": 203.97963246554366,